<?xml version="1.0" encoding="utf-8"?><?xml-stylesheet type="text/xml" href="http://harmonies.21communication.net/feed.xslt.xml"?><feed xmlns="http://www.w3.org/2005/Atom"><generator uri="http://jekyllrb.com" version="3.3.0">Jekyll</generator><link href="http://harmonies.21communication.net/feed.xml" rel="self" type="application/atom+xml" /><link href="http://harmonies.21communication.net/" rel="alternate" type="text/html" /><updated>2016-11-22T18:45:56+00:00</updated><id>http://harmonies.21communication.net//</id><title type="html">Histoires d’Harmonies - Exposition éphémère</title></feed>
