<?xml version="1.0" encoding="utf-8"?><?xml-stylesheet type="text/xml" href="http://localhost:8000/exposition-harmonies/feed.xslt.xml"?><feed xmlns="http://www.w3.org/2005/Atom"><generator uri="http://jekyllrb.com" version="3.3.0">Jekyll</generator><link href="http://localhost:8000/exposition-harmonies/feed.xml" rel="self" type="application/atom+xml" /><link href="http://localhost:8000/exposition-harmonies/" rel="alternate" type="text/html" /><updated>2016-11-21T13:51:47+00:00</updated><id>http://localhost:8000/exposition-harmonies//</id><title type="html">Histoires d’Harmonies - Exposition éphémère</title></feed>
